{"cameraMode":{"drawMode":0,"name":"Shaded","section":"Shading Mode"},"sceneLighting":false,"audioPlay":false,"sceneViewState":{"showFog":true,"showMaterialUpdate":false,"showSkybox":true,"showFlares":true,"showImageEffects":true,"showParticleSystems":true},"in2DMode":false,"pivot":{"x":-1.247285008430481,"y":21.06407356262207,"z":3.4678328037261965},"rotation":{"x":0.12527503073215486,"y":-0.7319713830947876,"z":0.14001372456550599,"w":0.6549199819564819},"size":8.995560646057129,"orthographic":false}