{"cameraMode":{"drawMode":0,"name":"Shaded","section":"Shading Mode"},"sceneLighting":false,"audioPlay":false,"sceneViewState":{"showFog":true,"showMaterialUpdate":false,"showSkybox":true,"showFlares":true,"showImageEffects":true,"showParticleSystems":true},"in2DMode":false,"pivot":{"x":-15.0,"y":33.70223617553711,"z":0.0000019073486328125},"rotation":{"x":0.021287376061081888,"y":-0.6147862076759338,"z":0.01660323701798916,"w":0.7882316708564758},"size":343.3605041503906,"orthographic":false}