{"cameraMode":{"drawMode":0,"name":"Shaded","section":"Shading Mode"},"sceneLighting":false,"audioPlay":false,"sceneViewState":{"showFog":true,"showMaterialUpdate":false,"showSkybox":true,"showFlares":true,"showImageEffects":true,"showParticleSystems":true},"in2DMode":false,"pivot":{"x":2.3562660217285158,"y":14.135323524475098,"z":-2.5678768157958986},"rotation":{"x":0.05284880846738815,"y":-0.8187217712402344,"z":0.0763615295290947,"w":0.5666308999061585},"size":66.75090026855469,"orthographic":false}